Age,Gender,Weight (kg),Height (m),Max_BPM,Avg_BPM,Session_Duration (hours),Calories_Burned,Workout_Type,Workout_Frequency (days/week)
56,Male,88.3,1.71,180,157,1.69,1313,Yoga,4
46,Female,74.9,1.53,179,151,1.3,883,HIIT,4
32,Female,68.1,1.66,167,122,1.11,677,Cardio,4
25,Male,53.2,1.7,190,164,0.59,532,Strength,3
38,Male,46.1,1.79,188,158,0.64,556,Strength,3
56,Female,58,1.68,168,156,1.59,1116,HIIT,5
36,Male,70.3,1.72,174,169,1.49,1385,Cardio,3
40,Female,69.7,1.51,189,141,1.27,895,Cardio,3
28,Male,121.7,1.94,185,127,1.03,719,Strength,4
28,Male,101.8,1.84,169,136,1.08,808,Cardio,3
41,Male,120.8,1.67,188,146,0.82,593,HIIT,2
53,Male,51.7,1.7,175,152,1.15,865,HIIT,3
57,Male,112.5,1.61,195,165,1.24,1013,Cardio,3
41,Male,94.5,2,179,136,1.18,794,HIIT,3
20,Male,117.7,1.81,196,161,1.35,1195,Yoga,3
39,Female,42.5,1.75,181,131,1.13,740,Strength,2
19,Female,64,1.53,166,167,1.33,1111,HIIT,3
41,Female,43.8,1.77,182,165,1.19,884,Cardio,3
47,Female,66.8,1.75,199,146,1.13,742,Strength,3
55,Female,75.2,1.67,188,167,1.37,1030,HIIT,2
19,Male,89,1.77,175,127,1.5,1048,Strength,4
38,Male,71.9,1.77,197,142,1.12,875,Cardio,2
50,Female,71,1.68,187,161,1.17,848,Yoga,2
29,Male,120.9,1.78,197,168,0.78,721,Yoga,2
39,Female,64.3,1.69,190,148,1.25,925,HIIT,4
42,Female,63.7,1.71,173,169,1.42,1080,Yoga,3
44,Male,65.2,1.8,192,139,0.73,502,HIIT,2
59,Male,53.9,1.75,168,135,1.48,989,Strength,4
45,Male,84.9,1.86,186,136,1.64,1104,HIIT,5
33,Female,78,1.68,183,135,1.29,871,HIIT,3
32,Male,108.2,1.8,172,138,1.27,964,HIIT,3
20,Female,65.4,1.52,185,127,1.03,654,Yoga,4
54,Female,50.2,1.61,188,157,1.48,1046,HIIT,2
24,Female,58.9,1.51,187,157,1.04,816,Cardio,2
38,Male,81.4,1.71,187,148,1.52,1237,HIIT,5
26,Male,127.6,1.73,167,160,1.32,1162,Strength,3
56,Female,59.3,1.56,182,155,1.26,879,Cardio,4
35,Male,96.9,1.71,188,145,1.34,1069,Strength,3
21,Male,62.6,1.81,164,150,1.3,1072,Strength,4
42,Male,45.5,1.6,166,163,1.31,1057,Strength,3
31,Female,48.8,1.51,195,131,1.48,969,Cardio,2
26,Female,44.3,1.6,186,136,1.08,734,Cardio,3
43,Male,113.2,1.83,161,134,1.45,962,Yoga,4
19,Female,60.5,1.59,184,128,1.14,730,Cardio,2
37,Male,124.2,1.76,168,158,1.5,1304,HIIT,2
45,Male,52.4,1.85,186,161,1.2,956,Strength,3
24,Male,54.7,1.74,160,167,0.84,772,Yoga,3
25,Male,88.1,1.95,182,131,1.41,1016,Cardio,2
52,Female,59.7,1.71,169,151,1.23,836,Strength,3
31,Female,79.7,1.54,184,144,1.03,742,Cardio,4
34,Female,51,1.62,162,158,1.42,1122,Yoga,3
53,Male,84.2,1.76,165,137,1.67,1133,Cardio,5
57,Male,122.1,1.89,165,134,1.13,750,Cardio,3
21,Male,96.7,1.72,161,151,1.26,1046,Strength,3
19,Female,73,1.79,177,125,0.81,506,HIIT,3
23,Male,114.8,1.6,182,163,1.47,1318,Cardio,4
59,Female,65.5,1.52,161,162,1.4,1021,Yoga,3
21,Female,50.3,1.52,171,154,1.08,832,Cardio,3
46,Female,61,1.71,181,153,1.67,1150,Cardio,4
35,Female,44.6,1.62,196,157,0.56,440,HIIT,2
43,Female,58.2,1.61,179,124,1.04,580,Strength,3
51,Female,44.8,1.63,198,137,1.08,666,Yoga,4
27,Male,87.5,1.63,183,135,1.75,1299,Strength,5
53,Male,51.8,1.74,179,127,1.23,773,Strength,3
31,Female,64.4,1.7,160,144,1.97,1418,Strength,5
48,Female,67.1,1.61,160,151,0.62,421,Cardio,2
32,Male,85.9,1.6,176,145,1.99,1587,HIIT,5
25,Female,65.4,1.77,160,141,0.89,627,Cardio,3
31,Female,61.1,1.76,189,150,1.81,1358,Yoga,4
40,Male,106.5,1.65,162,162,1.32,1176,HIIT,4
57,Female,64,1.52,170,129,1.73,1004,Strength,5
38,Female,61.4,1.54,183,131,1.47,963,HIIT,3
33,Female,40.5,1.63,181,147,1.07,786,Yoga,4
35,Male,70.1,1.79,185,125,1.08,743,Cardio,3
41,Male,94.1,1.62,172,139,1.13,777,Cardio,4
43,Male,55.5,1.82,160,124,1.08,663,Strength,3
42,Female,53.7,1.72,183,142,1.37,875,Cardio,3
58,Female,66.1,1.75,169,128,0.63,363,Cardio,2
46,Male,103.9,1.77,194,148,1.18,864,Yoga,2
32,Female,61.7,1.58,183,135,1.87,1262,HIIT,5
18,Female,52.3,1.74,187,165,1.2,990,Cardio,2
42,Female,59.5,1.74,195,141,1.78,1129,Yoga,5
24,Female,72.9,1.76,175,127,0.86,546,Yoga,3
26,Female,76.7,1.63,199,139,1.08,751,Strength,2
41,Male,72.1,1.83,175,133,1.13,744,Yoga,3
18,Female,54.8,1.68,176,158,1.27,1003,Strength,4
25,Male,105,1.88,174,156,1.34,1150,Cardio,3
41,Female,55,1.55,175,169,1.45,1103,Strength,4
28,Male,81.6,1.66,174,153,1.09,917,Yoga,4
34,Female,75.6,1.6,193,130,0.64,416,HIIT,2
25,Male,81.5,1.61,170,159,1.93,1688,HIIT,4
52,Female,61.5,1.69,160,152,1.8,1231,Cardio,4
52,Male,74,1.63,174,150,1.26,936,Cardio,3
50,Female,56.4,1.59,185,163,1.26,924,HIIT,3
22,Male,102.6,1.84,163,153,1.25,1052,Strength,3
59,Female,54.6,1.57,164,169,0.58,441,Cardio,3
56,Male,129,1.78,194,126,1.29,805,Yoga,2
58,Male,103.5,1.66,172,168,1.33,1106,Cardio,3
45,Female,59.4,1.51,169,142,1.15,735,Strength,4
24,Female,60.1,1.79,170,165,1.97,1625,Cardio,4
26,Male,77.7,1.62,177,126,1.16,804,Yoga,3
25,Female,41.2,1.62,193,144,1.49,1073,Yoga,4
29,Male,58.6,1.61,198,122,1.2,805,Yoga,3
51,Male,109.3,1.78,182,157,0.54,420,Strength,3
50,Male,69.6,1.96,166,139,0.97,667,Strength,3
40,Female,56.2,1.79,198,153,1.79,1369,Yoga,5
41,Male,71.7,1.96,162,168,0.51,424,Yoga,2
54,Male,86,1.93,171,163,1.74,1404,Strength,5
52,Female,79.4,1.59,166,163,1.39,1020,Strength,3
57,Female,78.4,1.62,185,149,1.01,677,Strength,4
39,Female,55.4,1.6,192,136,1.44,979,HIIT,3
44,Female,61.7,1.55,196,129,1.41,819,Strength,4
52,Male,85.5,1.82,174,154,1.78,1357,Yoga,4
18,Male,87.6,1.93,161,139,1.72,1315,HIIT,4
52,Male,82.4,1.72,166,137,1.01,685,Strength,4
54,Male,67,1.68,191,164,0.55,446,Yoga,3
31,Female,42.3,1.6,163,163,1.09,888,Cardio,3
20,Male,82.7,1.99,179,146,1.69,1357,HIIT,5
18,Male,92.4,1.74,195,168,1.41,1303,Yoga,2
22,Female,63.2,1.54,191,155,1.02,790,Cardio,4
43,Male,82.7,1.85,187,142,1.22,858,Yoga,4
31,Male,86.6,1.76,172,151,1.29,1071,Strength,3
56,Male,129.5,1.95,160,129,1,639,Strength,2
44,Male,98,1.83,194,130,1.28,824,Cardio,4
26,Male,86.2,1.68,189,157,1.97,1701,Strength,5
32,Male,78.6,1.62,195,125,1.28,880,Yoga,3
32,Female,59,1.66,184,160,0.51,408,Cardio,2
43,Female,57.3,1.79,175,166,1.98,1479,Yoga,4
59,Male,122.3,1.89,178,153,0.66,500,Yoga,3
30,Male,85.3,1.95,160,155,1.61,1373,Yoga,5
49,Female,45.2,1.74,164,156,1.24,870,Strength,3
56,Male,55.6,1.92,181,136,0.68,458,Strength,3
49,Male,82.8,1.95,183,159,1.91,1503,Yoga,5
21,Male,125.2,1.66,196,159,1.38,1207,HIIT,3
47,Female,58.5,1.79,195,131,1.42,837,Yoga,4
54,Male,86.1,1.95,195,140,1.17,811,Yoga,2
40,Female,63.5,1.61,163,159,1.31,1041,Cardio,3
56,Male,69.3,1.68,195,138,0.66,451,Yoga,2
32,Female,70.5,1.62,177,122,1.24,756,Strength,2
46,Female,60.1,1.65,175,137,1.69,1042,Cardio,4
53,Male,94.1,1.95,177,138,0.89,608,HIIT,3
30,Female,79.2,1.62,181,166,1.26,1046,Cardio,4
49,Male,115.3,1.91,161,125,1.38,854,HIIT,2
24,Female,62.9,1.79,180,135,1.42,958,Cardio,4
39,Male,62,1.64,195,127,0.97,678,Cardio,3
45,Male,88.5,1.78,198,167,1.53,1265,HIIT,4
19,Female,73.9,1.77,198,137,1.28,877,Strength,3
59,Male,50.3,1.95,188,167,1.07,885,Strength,3
23,Male,83.1,1.8,185,162,0.7,624,Strength,3
45,Female,65.1,1.78,180,158,1.46,1038,Cardio,3
45,Male,46.6,1.79,176,168,1.46,1214,Yoga,3
37,Male,103.5,1.89,175,168,0.54,499,Cardio,2
47,Female,61.9,1.54,190,131,1.95,1150,Yoga,4
28,Female,52,1.61,168,164,1.32,1082,Yoga,3
45,Male,113.4,1.71,190,129,0.83,530,Strength,2
42,Male,62.9,1.98,173,126,1.42,886,Yoga,4
56,Female,40.4,1.8,196,165,1.23,913,Cardio,4
50,Female,67.1,1.75,161,120,0.67,362,Cardio,3
18,Male,70,1.61,173,168,1.3,1201,Strength,2
44,Female,69.5,1.75,192,155,1.02,711,HIIT,3
30,Male,107.9,1.66,194,140,1.08,832,Cardio,3
58,Male,109,1.91,198,156,1.49,1151,Yoga,3
20,Male,101,1.91,179,143,1.36,1070,Cardio,3
56,Male,88.5,1.85,161,144,1.57,1119,Cardio,4
23,Male,80.9,1.8,178,126,1.55,1074,Cardio,4
25,Female,43.1,1.62,196,161,1.04,837,HIIT,4
44,Female,59.1,1.52,177,136,1.58,967,Yoga,5
26,Female,54,1.53,175,148,1.14,844,Strength,3
54,Female,72.3,1.78,163,149,1.27,852,Cardio,2
50,Male,51.1,1.98,171,126,0.92,574,Yoga,2
59,Male,89.4,1.72,188,152,1.08,813,Yoga,3
41,Male,51.5,1.8,166,126,1.09,680,Strength,4
32,Male,87.9,1.88,173,143,1.52,1195,Cardio,5
49,Female,42,1.52,171,130,1.1,644,HIIT,3
49,Male,79.2,1.72,194,128,1.46,925,Yoga,3
41,Male,64.8,1.71,164,131,1.2,778,Strength,3
58,Female,63,1.78,176,154,1.58,1095,HIIT,4
29,Female,56.2,1.77,191,123,0.68,418,Yoga,3
56,Female,52.9,1.64,169,155,1.1,767,Cardio,3
19,Female,49,1.69,176,147,1.05,772,Yoga,3
20,Male,128.2,1.84,164,132,0.83,603,HIIT,3
54,Male,83.6,1.86,168,142,1.54,1082,HIIT,5
34,Female,56.2,1.77,192,138,1.81,1249,Cardio,5
19,Male,87.8,1.78,195,161,1.28,1133,Cardio,2
19,Male,85.9,1.85,195,156,1.66,1424,Strength,4
45,Male,51.1,1.87,177,158,1.44,1126,Cardio,4
40,Female,57.4,1.71,168,143,1.87,1337,Strength,5
54,Male,114.9,1.92,188,135,1.2,802,HIIT,4
49,Female,62.1,1.66,173,152,1.37,937,HIIT,3
50,Male,57.1,1.91,184,131,1.09,707,Yoga,4
18,Male,68.1,1.8,174,153,1.1,926,Yoga,4
36,Male,69.2,1.65,165,126,1.23,852,Strength,3
19,Female,65.2,1.52,188,130,1.23,800,Cardio,3
43,Male,108.6,1.73,174,150,1.33,988,Cardio,2
49,Female,40,1.65,188,148,1.03,686,Yoga,3
23,Female,41.9,1.58,163,132,0.56,370,HIIT,3
49,Female,68.3,1.52,177,150,1.45,979,Strength,4
21,Male,88.4,1.6,198,121,1.71,1138,HIIT,4
28,Male,66,1.9,175,158,1.18,1025,HIIT,3
34,Male,71.9,1.64,170,134,1.26,929,Cardio,4
55,Male,75.6,1.71,173,130,1.03,663,Strength,4
41,Female,63.4,1.59,162,153,1.84,1267,HIIT,5
22,Female,71.6,1.77,197,158,1.49,1177,Yoga,3
51,Female,57.4,1.77,177,123,1.08,598,Yoga,4
23,Male,83.8,1.99,179,130,1.79,1280,Cardio,4
39,Female,55.9,1.71,184,148,1.95,1443,Yoga,5
28,Male,87,1.76,197,121,1.2,799,Yoga,3
33,Female,65.3,1.71,172,135,1.18,796,HIIT,4
50,Male,45.4,1.67,163,158,1.37,1071,Yoga,4
26,Male,87.1,1.87,173,132,1.71,1241,Yoga,4
23,Female,78.6,1.73,192,156,1.47,1147,HIIT,4
33,Female,78,1.71,187,136,1.08,734,Cardio,3
46,Female,58,1.53,196,140,1.83,1153,Cardio,4
20,Female,71.3,1.69,167,163,1.28,1043,Strength,3
37,Male,49.1,1.74,193,138,1.11,842,Yoga,3
53,Female,78.3,1.65,164,126,1.24,703,HIIT,3
36,Female,57.3,1.64,164,157,1.13,887,Strength,4
43,Female,48.4,1.61,190,127,1.28,732,Cardio,2
20,Male,76.4,1.62,168,132,1.35,980,Cardio,4
36,Male,110.2,1.77,191,156,1.19,1021,HIIT,2
37,Female,72.9,1.76,192,121,1.21,732,Strength,3
49,Male,82.1,1.86,162,160,1.87,1481,Strength,4
24,Female,58.9,1.76,189,130,0.63,410,HIIT,3
58,Male,82.2,1.87,171,143,1.57,1111,HIIT,4
50,Male,96.7,1.72,188,125,1.46,903,Strength,3
57,Male,81.4,1.86,162,145,1.8,1292,Cardio,5
56,Male,107.8,1.73,185,126,1.09,680,Yoga,3
35,Female,65.8,1.62,189,158,1,790,Cardio,4
57,Female,68.5,1.56,168,138,1.45,900,HIIT,4
18,Female,63.9,1.59,185,125,1.87,1169,Strength,4
28,Male,76.3,1.62,161,162,1.16,1034,Strength,3
45,Female,44.5,1.65,162,148,1.44,959,Yoga,3
42,Female,50.7,1.75,163,162,1.29,940,Strength,3
40,Female,55.1,1.61,184,158,1.55,1224,Yoga,4
48,Male,73.7,1.61,172,121,1.36,815,Cardio,4
47,Male,55.6,1.77,198,138,1.2,820,Cardio,4
59,Male,86.9,1.76,194,123,1.13,688,Strength,3
52,Female,60.3,1.68,182,125,1.6,900,Strength,4
24,Female,40.4,1.64,168,168,0.99,832,HIIT,2
33,Female,78.5,1.66,161,156,1.29,1006,HIIT,4
43,Male,102.6,1.72,190,147,0.82,597,Strength,2
19,Male,110.8,1.91,161,149,1.31,1074,Strength,2
18,Female,60.9,1.79,191,126,1.11,699,Cardio,2
29,Male,55.7,1.61,177,128,1.41,993,Strength,3
22,Male,110.5,1.92,172,144,1.16,919,HIIT,3
54,Male,55.2,1.71,164,152,0.77,579,Cardio,2
49,Male,46.5,1.72,169,120,1.4,832,Yoga,4
26,Female,70.9,1.66,184,125,0.81,506,HIIT,3
58,Male,74.6,1.75,193,137,1.09,739,HIIT,2
52,Male,45.1,1.72,196,129,0.93,594,Cardio,2
36,Male,99.9,1.99,189,147,1.33,1075,Yoga,3
33,Male,117,1.61,166,130,1.04,744,HIIT,3
20,Female,75.9,1.73,165,152,1.39,1056,Strength,4
37,Female,71.2,1.64,162,120,1.11,666,HIIT,3
41,Male,78.8,1.72,172,132,1.01,660,Cardio,4
50,Male,50.6,1.69,162,156,1.31,1012,Cardio,2
41,Male,82.5,1.79,185,139,1.69,1163,Cardio,4
28,Male,108.5,1.79,183,120,1.33,878,HIIT,4
25,Male,49.9,1.98,165,122,1.15,772,Yoga,3
53,Male,125.1,1.91,171,137,0.52,353,Strength,2
55,Female,79.7,1.66,195,160,1.06,763,Cardio,2
57,Male,126.8,1.63,161,133,0.96,632,Yoga,2
37,Female,54.6,1.57,170,150,1.31,982,Strength,3
52,Female,47.8,1.54,198,146,1.34,880,Cardio,3
42,Male,97.9,1.91,193,136,1.01,680,Strength,3
52,Female,63.1,1.54,185,165,1.36,1010,Strength,3
42,Female,72.4,1.69,177,148,1.07,713,Yoga,3
46,Female,58.9,1.7,180,155,1.52,1060,Strength,4
35,Female,50.4,1.6,195,156,1.03,803,Cardio,4
35,Female,64.2,1.59,199,145,1.63,1182,Yoga,5
19,Female,58.8,1.77,181,136,1.4,952,HIIT,2
52,Male,105.2,1.62,189,141,1.36,949,HIIT,3
33,Female,45.9,1.5,189,144,0.92,662,Yoga,3
58,Female,65.2,1.63,167,121,1.12,610,HIIT,3
53,Female,56.3,1.79,193,141,1.52,964,Strength,5
50,Male,90,1.7,168,124,0.81,497,Cardio,2
21,Female,60,1.7,179,123,1.97,1212,Strength,5
50,Male,51.5,1.71,199,155,1.48,1136,Yoga,2
31,Female,63.1,1.64,184,125,1.54,962,Cardio,4
38,Male,91.5,1.77,178,140,0.8,616,Yoga,2
37,Male,48.7,1.67,164,132,1.39,1009,Yoga,2
25,Female,57.8,1.56,170,156,1.35,1053,Yoga,3
24,Female,42,1.75,174,144,0.83,598,Strength,3
20,Male,128.4,1.92,167,145,0.63,502,Cardio,2
34,Female,74.2,1.57,178,158,1.47,1161,Cardio,3
50,Male,89.6,1.68,182,139,1.79,1232,Cardio,5
29,Male,125.9,2,186,152,1.36,1137,Strength,4
39,Male,105.5,1.99,199,133,0.81,593,HIIT,2
39,Male,93.4,1.7,191,155,1.1,938,Strength,4
47,Male,82.1,1.84,185,136,1.37,922,Strength,4
55,Female,42.9,1.69,186,140,0.9,567,Yoga,2
55,Male,128.4,1.68,178,165,1.13,923,Cardio,4
25,Male,112.4,1.96,188,135,1.42,1054,Cardio,2
44,Female,77.7,1.79,198,165,1.41,1047,HIIT,3
44,Male,89.3,1.99,192,135,1.4,936,HIIT,4
51,Female,70.3,1.55,178,139,1.4,876,Yoga,3
38,Female,59.1,1.72,196,148,1.07,792,Cardio,3
47,Female,49.9,1.69,178,147,1.48,979,HIIT,3
50,Male,101.7,1.67,192,127,0.53,333,HIIT,2
45,Male,93,1.91,175,143,1.03,729,Cardio,3
50,Male,87.4,1.6,182,122,0.77,465,Strength,2
22,Female,55.1,1.61,166,144,1.62,1166,HIIT,4
36,Male,123.7,1.69,185,138,1.3,987,Cardio,4
21,Female,61.3,1.57,191,152,1.94,1474,HIIT,4
52,Male,72.3,1.94,171,121,1.46,874,Yoga,3
34,Female,69.2,1.53,167,134,1.36,911,HIIT,2
45,Male,81.4,1.61,164,141,1.14,796,Cardio,4
47,Male,84.8,1.86,187,129,1.85,1181,HIIT,5
46,Male,55.1,1.72,164,137,1.43,970,Yoga,3
23,Female,59,1.78,185,141,1.67,1177,Yoga,5
52,Female,64.9,1.51,164,165,1.83,1359,HIIT,4
58,Male,109.7,1.75,181,168,1.01,840,HIIT,2
54,Male,78.4,1.9,174,146,0.81,585,Yoga,2
41,Female,76.7,1.79,172,132,1.4,832,Yoga,4
46,Female,63.1,1.61,187,152,1,684,Strength,4
48,Female,62.9,1.58,192,124,1.98,1105,Strength,4
52,Male,85.6,1.74,182,145,1.84,1321,Yoga,4
50,Female,66.3,1.57,192,132,1.25,742,HIIT,2
38,Male,61.3,1.97,177,146,1.37,1100,Cardio,3
49,Female,44.1,1.65,189,133,1.16,694,HIIT,4
40,Male,63.8,1.62,185,143,1.3,1022,HIIT,2
50,Female,55.4,1.55,175,122,1.85,1016,Strength,4
20,Female,74.7,1.58,172,166,1.04,863,Strength,3
35,Female,78,1.67,198,168,1.13,949,Strength,4
42,Female,57.5,1.67,192,149,1.14,764,Yoga,2
59,Female,60.7,1.73,185,154,1.03,714,Yoga,3
48,Male,69,1.74,160,167,1.48,1223,HIIT,3
20,Female,75.8,1.78,197,133,1.42,944,HIIT,4
57,Female,75.7,1.63,161,131,0.69,407,Cardio,3
41,Female,71.2,1.64,165,147,1.42,939,HIIT,3
49,Male,85,1.68,197,163,1.82,1468,HIIT,4
39,Female,63.6,1.56,183,148,1.22,903,Strength,2
40,Male,73.2,1.94,177,162,0.81,722,Strength,2
19,Female,48.3,1.52,186,136,0.96,653,Strength,2
44,Female,42.8,1.78,167,159,1.49,1066,Strength,3
59,Male,88.1,1.76,187,168,1.35,1123,Strength,3
19,Female,72.4,1.75,169,140,1.2,840,Cardio,4
43,Male,73.2,1.88,176,142,1.17,822,Cardio,3
34,Male,110.5,1.86,188,139,1.42,1086,Cardio,2
57,Female,46.1,1.76,165,130,1.44,842,Strength,3
50,Male,90.8,1.71,173,153,1.07,810,Yoga,4
26,Female,59.3,1.51,181,129,1.7,1096,Strength,5
56,Female,45.1,1.73,165,129,0.83,482,Strength,3
46,Male,45,1.77,185,162,1.48,1187,Cardio,3
59,Male,89.4,1.62,198,125,1.43,885,Strength,3
43,Male,127.7,1.69,171,155,1.14,875,Cardio,3
52,Male,70.9,1.72,194,143,1.31,927,Strength,3
42,Female,49.2,1.5,173,131,1.15,678,HIIT,3
41,Female,62.3,1.79,181,162,1.99,1451,Yoga,5
30,Male,64.1,1.87,182,142,0.64,500,Yoga,2
24,Female,69.7,1.75,166,146,1.41,1029,Cardio,3
53,Female,56.9,1.59,199,164,1.49,1100,HIIT,3
37,Female,53,1.71,184,156,1.13,881,Yoga,4
18,Female,72.7,1.55,172,125,0.84,525,Cardio,3
25,Male,76.5,1.96,180,120,0.67,442,Strength,3
33,Male,113.6,1.99,169,125,1.38,949,Strength,2
31,Female,62.5,1.62,168,169,1.56,1318,HIIT,4
29,Male,95.2,1.86,174,141,0.64,496,Yoga,2
40,Male,51.7,1.82,161,160,0.9,792,Strength,3
32,Male,105.3,1.67,184,143,0.57,448,Cardio,3
45,Female,71.2,1.68,172,144,1.37,888,Strength,3
51,Female,78.1,1.51,193,134,0.92,555,Strength,3
19,Female,50.6,1.68,193,145,1.21,877,Yoga,3
49,Male,70.2,1.89,194,127,0.7,440,Yoga,3
40,Female,62.6,1.53,197,143,1.93,1380,Cardio,5
39,Female,60.6,1.65,162,167,0.92,768,HIIT,3
42,Male,76.4,1.97,165,157,1.14,886,HIIT,3
39,Female,63.3,1.71,178,125,1.88,1175,Strength,4
39,Female,68.6,1.64,162,154,1.33,1024,Cardio,3
59,Male,123.3,1.88,177,161,1.3,1036,HIIT,4
23,Male,107,1.94,198,120,1.35,891,HIIT,2
32,Male,68.3,1.92,168,165,1.42,1289,Strength,2
54,Female,47.8,1.6,171,155,1.19,830,Cardio,4
50,Female,58.4,1.79,164,131,1.6,943,HIIT,4
25,Female,74.3,1.71,162,157,1.43,1123,Yoga,3
22,Male,106.8,1.82,170,130,1,715,Yoga,4
56,Male,125.5,1.8,189,131,1.26,817,Strength,4
21,Female,55.2,1.55,163,161,1.37,1103,Strength,4
23,Female,71.4,1.72,164,169,1.25,1056,Strength,2
49,Male,77.7,1.61,160,158,1.03,806,Strength,3
47,Male,88.4,1.6,186,126,1.86,1160,HIIT,5
52,Male,104.8,1.99,187,130,0.93,598,Cardio,2
57,Male,82.2,1.69,188,155,1.15,882,Strength,4
33,Female,68.2,1.75,177,150,0.85,638,Strength,2
30,Male,91.4,1.99,171,152,1.37,1145,HIIT,3
59,Female,42.1,1.65,172,132,1.22,725,Strength,2
47,Female,68.7,1.76,161,137,1.37,845,Strength,3
36,Female,47.2,1.74,196,160,1.5,1200,Cardio,4
34,Male,92,1.76,175,143,0.73,574,Yoga,3
36,Male,56.2,1.95,183,128,1.09,767,Strength,4
45,Male,58.4,1.72,194,150,1.31,973,HIIT,4
43,Male,82.9,1.95,181,160,1.9,1505,Cardio,5
54,Female,66.9,1.74,195,129,1.24,720,HIIT,2
43,Male,66.3,1.85,170,121,1.18,707,Cardio,2
40,Male,93.6,1.93,188,157,1.38,1192,Cardio,3
26,Female,64.1,1.5,194,134,1.93,1293,Strength,5
29,Male,86.7,1.62,174,122,1.52,1020,Strength,4
18,Female,62,1.59,190,162,1.23,996,Strength,4
18,Female,58.1,1.61,175,150,1.9,1425,Yoga,4
51,Female,64.9,1.6,169,125,1.49,838,Yoga,4
49,Female,69.3,1.62,191,122,1.14,626,HIIT,4
42,Female,42.7,1.74,161,130,1.04,608,Strength,3
57,Female,51.4,1.63,183,134,1.2,724,Yoga,4
18,Female,67.4,1.6,182,164,0.6,492,Strength,3
33,Female,55.6,1.61,161,147,1.77,1301,Yoga,4
56,Male,125.3,1.86,197,129,1,639,Yoga,3
22,Male,102.1,1.85,190,157,1.48,1278,Cardio,4
39,Male,61.9,1.77,199,166,1.32,1205,Strength,3
46,Male,108.8,1.64,185,169,1.4,1171,Strength,3
20,Female,51.1,1.58,188,169,0.5,422,Yoga,2
29,Male,81.7,1.99,162,126,1.45,1005,Strength,2
43,Female,42.7,1.66,173,134,0.73,440,Yoga,2
33,Male,81.8,1.99,184,137,1.59,1198,Strength,4
54,Male,54.6,1.76,160,137,1.28,868,Cardio,4
39,Male,107.7,1.88,162,160,0.72,634,Strength,2
46,Female,56.9,1.6,185,143,0.88,566,Cardio,3
31,Male,78.8,1.71,177,121,1.49,992,HIIT,4
45,Female,48.2,1.64,168,159,1.25,894,Strength,4
22,Female,50.7,1.59,197,139,1.27,883,Strength,3
47,Male,86.6,1.99,182,153,1.98,1500,Strength,4
22,Male,96.3,1.63,180,162,1.35,1203,Cardio,4
29,Male,80.8,1.98,160,145,1.65,1316,Strength,5
33,Female,58,1.53,180,126,1.84,1159,Strength,5
43,Male,95.9,1.85,186,157,1.28,995,Yoga,2
43,Female,61.5,1.58,165,149,1.86,1247,HIIT,5
38,Female,40.6,1.79,195,161,0.62,499,Cardio,2
56,Male,82.5,1.87,187,124,1.51,927,Yoga,5
53,Male,105.1,1.84,176,130,0.69,444,Cardio,3
50,Female,58.1,1.58,199,120,1.93,1042,Yoga,5
47,Female,61,1.76,162,153,1.54,1060,HIIT,5
54,Female,64.5,1.53,171,120,1.74,940,Yoga,4
40,Male,58.2,1.98,198,138,1.43,1085,Cardio,3
27,Female,69.5,1.76,171,121,0.94,569,Strength,3
22,Male,62.2,1.84,161,140,0.51,393,Strength,3
53,Female,68,1.7,181,139,1.06,663,HIIT,4
51,Female,56.3,1.5,182,142,1.43,914,Cardio,3
48,Male,94.5,1.7,189,140,1.01,700,Cardio,3
27,Female,58,1.79,164,143,1.39,994,Cardio,2
36,Male,84,1.94,168,123,1.8,1218,HIIT,5
49,Male,61,1.87,180,131,1.14,739,Strength,4
18,Female,64.8,1.53,170,141,1.98,1396,Yoga,5
22,Male,45.7,1.77,164,139,1.04,795,HIIT,3
21,Male,80.9,1.9,194,137,1.8,1356,Yoga,4
33,Female,64.1,1.63,186,120,1.58,948,Strength,5
41,Male,67,1.77,161,149,1.22,900,HIIT,3
33,Male,106.5,1.6,183,152,1.4,1170,Strength,4
19,Male,95.1,1.85,190,143,1.21,952,Yoga,4
45,Female,65.5,1.57,192,133,0.66,395,Cardio,2
49,Male,105.7,1.64,198,155,1.2,921,Cardio,3
44,Female,48,1.76,189,124,0.88,491,Yoga,2
37,Female,69.5,1.5,196,130,0.69,448,Cardio,2
41,Male,66.1,1.69,187,143,0.77,545,Yoga,2
29,Male,68,1.7,190,150,0.76,627,HIIT,2
52,Male,50.3,1.78,170,132,0.85,555,HIIT,2
50,Female,69.3,1.68,182,135,1.2,729,HIIT,2
50,Male,86.7,1.63,161,143,1.7,1203,Cardio,4
54,Male,125.9,1.94,199,132,1.35,882,Strength,3
29,Male,88.1,1.93,186,143,1.88,1479,Cardio,5
20,Male,124.3,1.82,194,145,1.25,997,Cardio,3
18,Male,62,1.85,161,121,0.88,586,Strength,3
50,Female,69.7,1.72,198,135,1.24,753,Strength,4
57,Female,60.9,1.52,196,157,1.31,926,Strength,3
27,Male,76.5,1.97,180,165,1.13,1025,Strength,2
46,Male,94.7,1.82,164,120,1.47,873,Cardio,3
30,Male,67.9,1.75,180,168,1.25,1155,Yoga,2
29,Male,121.1,1.87,188,130,1.31,937,HIIT,4
48,Female,71.5,1.64,179,154,1.46,1012,Yoga,4
19,Male,98.6,1.7,197,162,0.83,740,Cardio,2
52,Female,68.2,1.63,179,148,1.17,779,Strength,3
40,Female,57.7,1.69,184,156,1.18,920,HIIT,4
34,Male,124.6,1.63,161,136,1.41,1055,HIIT,3
43,Female,73,1.59,191,158,1.31,931,Yoga,3
25,Female,59.4,1.51,185,161,1.62,1304,Cardio,5
46,Female,52,1.65,165,147,0.7,463,Cardio,2
43,Female,42.2,1.65,162,148,1.33,886,Cardio,3
27,Male,89.3,1.64,192,162,1.82,1622,HIIT,4
43,Male,110,1.76,160,122,1.09,658,Yoga,3
51,Female,66.2,1.58,164,129,0.86,499,HIIT,3
58,Male,58.6,1.66,172,161,1.21,964,HIIT,2
24,Male,51,1.67,178,133,0.97,710,Strength,3
21,Male,101.5,1.95,171,131,0.97,699,Yoga,3
28,Male,114.2,1.87,184,166,1.05,959,Strength,3
46,Male,54.4,1.72,194,161,0.91,725,Cardio,2
53,Female,52.4,1.57,171,149,1.34,898,HIIT,3
42,Male,85.2,1.81,189,151,1.54,1151,Yoga,5
38,Male,83.6,1.74,164,151,1.66,1379,Cardio,5
53,Male,115.4,1.92,193,161,1.36,1084,Yoga,4
27,Male,71.2,1.97,181,151,0.74,615,HIIT,3
54,Female,78.1,1.6,198,145,1.1,718,Yoga,4
26,Female,54.2,1.65,172,120,1.07,642,Cardio,4
41,Female,77.6,1.76,162,161,1.27,920,Strength,4
52,Female,44.1,1.62,179,121,1.41,768,HIIT,3
52,Male,85.5,1.8,190,136,1.7,1144,Strength,5
53,Female,47.8,1.76,164,149,1.06,711,HIIT,4
35,Male,102.5,1.94,183,158,0.84,730,Cardio,2
56,Male,118,1.9,199,126,0.66,412,HIIT,2
49,Male,82.3,1.84,192,146,1.29,932,Strength,4
41,Male,81.6,1.87,167,128,1.87,1185,HIIT,5
40,Male,60.2,1.88,183,141,1.22,946,Cardio,3
49,Female,49.2,1.54,179,153,1.28,881,HIIT,3
54,Female,46.6,1.5,175,165,1.38,1025,Strength,2
29,Female,68.7,1.72,171,168,1.08,907,Cardio,4
30,Female,60.6,1.55,172,120,1.3,780,Strength,3
40,Male,52.1,1.61,198,128,0.87,612,HIIT,2
42,Female,46.6,1.77,184,139,0.61,382,Yoga,2
52,Male,65.5,1.74,191,138,1.48,1011,Strength,4
58,Female,44.2,1.57,183,155,1.08,753,HIIT,3
47,Male,89.1,1.84,168,159,1.44,1133,Yoga,3
34,Male,65.9,1.62,199,164,0.81,731,Yoga,2
37,Female,55.6,1.57,182,123,0.97,597,Cardio,2
42,Male,63.7,1.98,172,128,1.37,868,Yoga,2
39,Male,86.2,1.82,191,160,1.96,1725,Strength,5
30,Female,59.2,1.63,174,141,1.85,1304,Strength,4
36,Male,85.4,1.88,195,137,1.98,1492,Yoga,5
53,Female,68.1,1.55,164,131,1.41,831,HIIT,4
29,Female,60,1.62,181,161,0.85,684,Strength,2
58,Female,74.8,1.69,175,162,1.28,933,Strength,4
36,Male,90.3,1.65,169,158,1.38,1199,Cardio,4
29,Male,86.1,1.65,183,128,1.66,1169,HIIT,4
26,Male,73.7,1.66,177,125,0.93,639,Yoga,2
24,Female,67.7,1.56,177,138,1.42,980,HIIT,3
45,Male,78.3,1.96,166,167,1.29,1066,Cardio,3
31,Female,48.2,1.65,163,166,1.1,913,Cardio,2
48,Female,56.8,1.51,185,126,1.37,777,HIIT,4
36,Male,112.4,1.63,164,135,1.02,757,Cardio,4
33,Female,59,1.67,175,124,0.9,558,Cardio,3
22,Male,98.4,1.88,194,135,0.52,386,Cardio,2
52,Male,66.5,1.6,185,120,1.34,796,HIIT,4
29,Male,106.5,1.81,177,156,1.29,1107,Cardio,4
42,Male,88.4,1.93,188,158,1.68,1314,Yoga,4
38,Male,88.4,1.79,182,138,1.74,1321,Yoga,5
53,Female,53.3,1.74,173,156,1.37,962,Strength,3
40,Female,58.1,1.56,174,136,0.61,415,Yoga,2
33,Female,74.2,1.76,192,145,1.15,834,Strength,4
56,Male,84.6,1.63,184,141,1.01,705,HIIT,4
59,Male,78,1.92,180,127,0.72,453,Cardio,3
56,Male,89,1.68,176,152,1.77,1332,Yoga,5
31,Female,42.7,1.76,182,121,1.46,883,Strength,3
48,Male,83.9,1.82,176,149,1.9,1401,HIIT,5
22,Female,78.7,1.52,173,166,1.45,1204,Strength,3
52,Female,65.9,1.52,188,139,1.27,794,Cardio,4
40,Male,76.9,1.92,179,137,1.13,851,Yoga,4
46,Male,84.3,2,189,162,1.83,1467,HIIT,5
28,Female,62.4,1.6,178,129,1.1,710,Strength,3
35,Male,63.7,1.74,198,143,1.03,810,HIIT,4
29,Female,54.9,1.52,172,123,1.48,910,Strength,3
26,Male,76.4,1.79,177,156,1.17,1004,Strength,3
27,Male,106.4,1.86,182,123,1.34,907,Cardio,2
34,Female,68.4,1.5,192,132,1.37,904,Cardio,4
55,Male,63.5,1.86,198,144,1.36,969,Strength,4
24,Female,59.4,1.5,199,132,1.25,825,Yoga,3
30,Male,113.4,1.91,177,137,1.27,957,HIIT,3
57,Female,61.9,1.52,168,143,0.92,592,HIIT,3
59,Female,70.7,1.68,192,121,1.17,637,Cardio,3
26,Male,111.5,1.9,191,167,1.02,937,Yoga,2
44,Female,72.1,1.66,176,152,1.4,958,Strength,2
19,Male,56.9,1.87,178,138,0.61,463,Cardio,3
22,Male,86.2,1.9,186,128,1.91,1345,Strength,5
46,Male,59.4,1.68,165,147,1.16,844,Strength,4
54,Female,75.6,1.72,194,154,0.97,672,Cardio,3
55,Female,76.3,1.73,196,158,1.08,768,Yoga,3
36,Male,95.8,1.86,193,129,1.37,972,HIIT,3
25,Male,120.6,1.83,179,120,1.04,686,Cardio,3
18,Female,65.3,1.55,184,161,1.42,1143,Yoga,3
39,Male,85.3,1.89,163,140,0.77,593,Strength,2
34,Male,68,1.68,169,128,0.67,472,Cardio,2
24,Female,52.6,1.57,169,166,1.29,1071,HIIT,2
42,Male,63.3,1.77,183,134,1.32,876,HIIT,3
21,Female,76.3,1.65,180,154,1.14,878,Strength,3
53,Male,61,1.63,170,124,0.54,331,Cardio,3
23,Female,67.8,1.61,186,160,1.34,1072,HIIT,2
48,Male,114.9,1.86,175,141,1.36,949,Cardio,3
36,Male,88,1.71,185,160,1.87,1646,HIIT,5
56,Female,67.7,1.58,189,142,1.45,927,Strength,2
44,Male,124.8,1.85,175,126,1.35,842,Strength,4
27,Female,53,1.58,166,142,1.26,895,Cardio,4
43,Male,61.2,1.88,175,163,1.03,831,Yoga,3
36,Female,48.7,1.68,194,144,1.23,886,Yoga,3
56,Female,50.6,1.7,175,146,1.29,848,Strength,2
20,Female,72.6,1.73,199,160,1.27,1016,HIIT,3
30,Female,70.4,1.56,171,125,1.03,644,Yoga,4
45,Male,52.5,1.88,194,153,1.08,818,Strength,4
37,Male,76.3,1.77,180,128,1.36,957,HIIT,4
45,Female,41.2,1.58,195,168,1.47,1111,HIIT,2
25,Female,55.3,1.76,176,152,1.56,1186,Yoga,4
58,Female,49.7,1.67,191,125,1.38,776,Strength,4
56,Male,48.3,1.87,165,156,0.68,525,HIIT,3
18,Male,83.2,1.96,183,150,1.83,1510,HIIT,4
20,Male,120.5,1.73,186,153,1.01,850,Cardio,3
30,Male,121.6,2,179,160,1.24,1091,Cardio,4
45,Female,73,1.75,184,148,1.14,759,Yoga,4
42,Female,57.5,1.67,161,133,1.76,1053,Cardio,5
50,Female,42.7,1.53,168,155,1.41,983,Strength,4
55,Male,129.9,1.73,187,155,0.69,529,Yoga,3
23,Male,108.6,1.92,197,134,0.89,656,Yoga,2
49,Male,88.6,2,162,127,1.83,1150,Cardio,4
38,Female,49.7,1.51,179,145,1.25,906,HIIT,3
33,Female,56.4,1.54,165,155,1.06,822,Strength,3
38,Male,46.9,1.74,198,167,1.03,946,Strength,4
28,Female,71.3,1.67,192,140,1.46,1022,Strength,4
54,Male,71.6,1.86,160,147,1.14,830,Yoga,3
53,Male,82.3,1.61,196,123,1.87,1139,Strength,5
52,Female,70.6,1.69,165,135,1.36,826,HIIT,3
36,Male,109.8,1.62,193,141,0.84,651,HIIT,3
37,Female,73.5,1.69,174,131,0.54,354,Cardio,2
35,Male,85.6,1.85,185,135,1.78,1322,Strength,5
58,Female,74.6,1.68,173,159,1.03,737,Yoga,4
31,Female,63.2,1.8,166,157,0.59,463,Cardio,2
32,Female,62.6,1.63,190,161,1.67,1344,HIIT,5
48,Male,87.1,1.76,183,156,1.81,1398,Strength,5
18,Male,82.3,1.84,190,148,1.73,1408,HIIT,5
20,Female,64.3,1.78,188,137,1.71,1171,Cardio,4
33,Female,53.7,1.66,191,129,1.25,806,HIIT,3
40,Male,63,2,176,161,1.42,1257,Strength,4
28,Male,128.4,1.86,173,158,1.06,921,Strength,4
29,Male,88,1.89,199,137,1.75,1319,Cardio,5
27,Female,63.7,1.52,195,120,1.19,714,Strength,4
49,Male,83.7,1.87,183,158,1.29,1009,HIIT,4
33,Male,102.6,1.75,186,140,1.4,1078,HIIT,3
25,Female,77.7,1.55,184,120,0.55,330,Yoga,2
55,Male,87.5,1.88,191,134,1.19,789,Yoga,4
29,Male,87,1.86,177,123,1.52,1028,Yoga,4
41,Male,82.8,1.66,177,139,1.97,1355,HIIT,5
45,Female,65.4,1.68,196,129,0.76,441,HIIT,3
25,Female,47.2,1.71,185,142,0.89,632,Cardio,2
45,Female,58.2,1.7,168,160,0.95,684,Yoga,3
53,Female,73.5,1.55,194,153,1.17,806,HIIT,4
43,Female,55.2,1.73,167,165,1.67,1240,Cardio,5
25,Female,64.4,1.71,179,167,1.12,935,HIIT,3
45,Female,73.5,1.74,181,152,1.18,807,Cardio,4
45,Male,89.6,1.81,178,153,1.7,1287,Yoga,5
54,Male,86.5,1.76,189,158,1.48,1158,Yoga,3
58,Female,46.1,1.67,187,129,1.28,743,Yoga,4
53,Male,68.5,1.97,194,139,1.3,894,HIIT,3
44,Male,94.6,1.84,170,120,1.26,748,HIIT,4
34,Female,54.2,1.52,190,132,1.13,746,Cardio,3
26,Male,47.7,1.77,198,120,1.15,759,Strength,3
50,Male,52.2,1.84,195,124,1.38,847,Strength,4
37,Male,88.8,1.95,189,135,1.58,1173,Yoga,5
30,Male,101,1.68,182,134,1.46,1076,Strength,4
45,Male,118.4,1.95,178,168,1.06,881,Yoga,3
46,Female,47.9,1.72,171,147,1.41,933,Cardio,3
30,Female,51.5,1.74,174,150,1.08,810,Strength,3
52,Female,79.9,1.51,190,142,0.75,479,Strength,3
23,Male,121.3,1.85,196,167,0.72,661,Yoga,2
35,Female,78.9,1.64,196,164,1.28,1050,Cardio,4
22,Male,88.5,1.62,174,162,1.88,1675,Strength,5
42,Male,73.5,1.63,188,136,0.52,350,Strength,3
19,Male,127.9,1.93,185,168,1.27,1173,Strength,4
27,Male,88.5,1.98,161,153,1.8,1515,Cardio,4
47,Female,43.4,1.62,179,132,0.51,303,Cardio,3
22,Female,42.8,1.56,174,133,1.47,978,Strength,3
50,Male,64.5,1.79,163,130,1.17,753,Yoga,4
18,Female,50.7,1.53,181,147,1.29,948,Yoga,3
35,Male,59.2,1.66,197,161,1.3,1151,Strength,3
49,Female,78.9,1.73,182,151,1.38,938,Cardio,2
28,Female,78.7,1.63,185,154,1.1,847,Strength,3
38,Male,68.7,1.92,170,150,1.31,1081,Cardio,4
43,Female,53.1,1.59,187,136,0.82,502,Strength,2
42,Male,64.8,1.65,161,166,1.1,904,Cardio,3
39,Female,50.3,1.61,167,128,1.17,749,HIIT,2
44,Male,102.3,1.63,188,129,1.34,856,Yoga,4
30,Male,62.9,1.92,170,127,1.13,789,HIIT,2
50,Female,56.5,1.6,196,140,1.88,1184,Yoga,5
51,Female,74.6,1.55,177,132,0.71,422,Cardio,2
58,Male,52,1.79,173,169,1.12,937,HIIT,3
52,Female,52.1,1.67,169,124,1.5,837,Yoga,2
18,Female,72.2,1.54,194,125,0.97,606,Strength,2
38,Male,85.8,1.8,168,149,1.72,1410,Cardio,4
23,Male,81.4,1.85,194,150,1.6,1320,Cardio,4
45,Female,50.9,1.65,170,136,1.45,887,Strength,2
34,Male,52,1.78,171,130,1.38,987,Strength,4
22,Male,71,1.93,162,139,1.42,1086,Yoga,4
48,Male,80.6,1.77,198,167,1.51,1248,Cardio,4
22,Female,58.3,1.72,173,128,1,640,Yoga,3
55,Female,63,1.7,187,121,1.32,719,Strength,3
20,Male,111,1.94,170,156,1.02,875,Cardio,4
40,Female,52.6,1.66,198,120,1.27,762,Strength,3
54,Male,116.4,2,184,123,1.13,688,Yoga,3
54,Female,75.6,1.61,180,155,1.41,983,Yoga,4
27,Male,61.6,1.8,169,144,1.48,1172,Yoga,2
27,Male,108,1.8,174,122,1.38,926,Cardio,4
36,Female,59.3,1.75,178,128,0.99,634,Strength,3
34,Male,75.7,1.94,181,141,1.18,915,Strength,4
38,Female,56.3,1.6,180,142,1.21,859,Yoga,4
31,Female,58.2,1.73,191,131,1.17,766,Yoga,3
26,Male,55.7,1.68,182,129,1.13,802,Yoga,3
18,Male,125.9,1.67,172,153,1.46,1229,Yoga,3
30,Female,62.7,1.67,164,162,1.02,826,HIIT,4
21,Male,86.6,1.86,163,129,1.37,972,HIIT,3
18,Male,64.5,1.82,187,149,1.2,983,HIIT,3
57,Male,76.6,1.86,173,141,1.14,796,Yoga,4
49,Male,81.4,1.83,167,125,1.98,1225,Yoga,5
51,Male,60.7,1.71,168,169,1.14,954,Strength,2
45,Female,57.2,1.55,194,121,1.67,909,Cardio,5
48,Female,73,1.59,196,149,1.19,798,Strength,3
25,Male,123.8,1.99,180,121,1.13,752,HIIT,3
56,Male,93.6,1.66,177,151,1.37,1024,Strength,2
43,Male,76.8,1.92,192,161,1.24,988,Yoga,3
51,Female,54.7,1.53,167,135,1.11,674,HIIT,4
20,Male,92.3,1.94,176,131,1.14,821,HIIT,3
29,Female,71.8,1.55,190,120,1.2,720,Cardio,4
18,Female,66.9,1.57,193,127,1.07,679,Cardio,3
22,Female,48.7,1.76,165,167,1.37,1144,HIIT,4
47,Male,66.2,1.71,181,169,1.42,1188,HIIT,3
47,Female,40,1.76,173,132,0.8,475,Strength,3
34,Male,112.4,1.85,162,134,1.18,870,HIIT,4
40,Female,70,1.55,171,163,0.85,693,Yoga,3
32,Male,84,1.74,195,127,1.45,1013,Strength,3
54,Female,43.8,1.65,171,129,1.29,749,Yoga,4
38,Male,123.3,1.62,161,165,1.34,1216,Yoga,4
31,Female,57.9,1.56,161,124,1.8,1116,Yoga,5
19,Male,82.4,1.96,174,169,1.9,1766,HIIT,5
28,Male,84.8,1.79,182,138,1.35,1025,Cardio,4
56,Male,109.6,1.66,188,166,1.29,1060,Cardio,3
55,Male,86.4,1.77,176,157,1,777,Yoga,3
51,Female,63.9,1.8,191,130,1.07,626,HIIT,4
55,Female,70.8,1.62,166,162,0.54,394,Strength,3
51,Male,115.3,1.67,189,139,1.38,950,Yoga,3
35,Female,55.3,1.56,187,139,1.71,1188,Strength,5
47,Male,73.9,1.8,173,140,1.36,942,Strength,3
32,Male,97.3,1.96,189,137,1.36,1025,HIIT,3
44,Female,60.4,1.65,176,169,1.27,966,HIIT,4
51,Male,49.3,1.61,191,129,1.36,868,Cardio,2
55,Male,91.8,1.78,165,153,1.44,1091,Cardio,3
50,Female,73.6,1.55,183,145,0.89,581,HIIT,3
41,Male,47.1,1.78,165,149,1.26,929,Yoga,3
32,Male,65.2,1.62,186,128,0.58,408,Cardio,2
47,Male,87.2,1.64,177,165,2,1634,Strength,4
59,Male,96.7,1.71,183,150,0.57,423,Yoga,3
34,Female,46.9,1.61,196,161,1.02,821,Strength,3
22,Female,72.1,1.62,183,123,1.38,849,HIIT,3
46,Female,62.5,1.54,197,125,1.61,906,Strength,4
21,Male,110.7,1.69,193,133,1.06,775,Yoga,3
27,Male,102.6,1.83,199,123,1.41,954,HIIT,3
34,Female,64.3,1.62,174,145,1.76,1276,Yoga,5
27,Male,80.7,1.61,170,166,1.75,1598,Strength,4
34,Male,115.3,1.81,181,167,1.36,1249,Yoga,2
37,Male,87.8,1.69,183,158,1.81,1573,HIIT,5
41,Male,74.3,1.61,160,136,1.06,714,Strength,4
22,Female,78.5,1.7,177,138,1.36,938,Strength,4
51,Female,77.3,1.58,171,168,0.97,733,Cardio,2
23,Female,64.5,1.7,187,125,0.51,319,Cardio,2
19,Male,72,1.94,199,148,1.17,952,Yoga,3
30,Female,77.9,1.77,166,130,1.41,916,Cardio,4
28,Female,69.6,1.58,182,135,1.49,1006,Cardio,3
40,Male,68.9,1.99,180,149,1.16,951,Cardio,4
33,Male,45.9,1.89,193,144,1.45,1148,Cardio,3
48,Female,68.2,1.69,170,159,0.75,537,HIIT,3
28,Female,79.6,1.59,181,130,1.49,968,HIIT,3
33,Female,53.6,1.52,194,126,1.02,643,Cardio,2
25,Female,57.7,1.58,188,145,1.36,986,Yoga,3
21,Male,74.2,1.93,187,141,1.32,1024,HIIT,3
57,Female,64.4,1.56,177,144,1.52,985,Cardio,5
21,Female,54.9,1.78,173,138,0.55,380,HIIT,2
42,Male,50.3,1.64,177,150,0.63,468,Strength,3
20,Female,46.5,1.68,187,145,0.91,660,HIIT,2
49,Male,57.8,1.99,183,161,0.93,741,HIIT,3
20,Male,83,1.8,167,160,0.79,695,Yoga,2
44,Male,82.5,1.79,167,155,1.51,1159,HIIT,5
46,Female,66.5,1.73,163,142,1.11,709,Yoga,3
49,Female,70.2,1.67,186,166,0.93,695,Strength,3
36,Male,121.9,1.93,195,132,1.49,1082,Cardio,3
38,Female,70.3,1.52,164,144,1.19,857,Yoga,4
22,Female,40.3,1.56,192,121,1.45,877,HIIT,4
35,Male,101.4,1.76,193,121,0.84,559,HIIT,2
45,Male,79.2,1.95,189,135,1.47,982,Yoga,3
59,Female,75.8,1.77,167,128,1.46,841,Strength,3
39,Male,71.7,1.88,198,147,0.55,445,Cardio,2
38,Female,57.7,1.56,185,132,1.64,1082,HIIT,5
23,Female,47.4,1.6,196,154,0.76,585,Strength,3
18,Female,57.2,1.75,193,160,1.29,1032,Cardio,3
22,Female,44.8,1.72,166,132,1.48,977,Cardio,4
58,Male,90.2,1.72,199,150,0.9,668,HIIT,2
29,Male,84.9,1.72,187,140,1.79,1378,Yoga,4
43,Male,95.7,1.77,198,151,1.08,807,HIIT,3
51,Male,59,1.65,198,153,1.22,924,HIIT,3
31,Female,60.5,1.77,187,127,1.72,1092,HIIT,4
43,Female,53.8,1.72,173,160,1.03,742,Strength,4
44,Male,86.6,1.97,197,167,1.66,1372,Yoga,5
26,Female,72.8,1.67,163,121,1.37,829,Strength,2
43,Female,66.3,1.77,177,157,1.48,1046,HIIT,4
39,Female,56,1.6,184,151,0.89,672,Yoga,2
47,Male,45.9,1.93,166,159,1.29,1015,Cardio,3
34,Male,88,1.64,197,147,1.9,1536,Yoga,4
43,Male,94,1.79,187,156,1.31,1012,HIIT,2
53,Female,44.7,1.79,164,160,1.34,965,Yoga,3
18,Male,63.2,1.63,162,120,0.66,436,Cardio,3
25,Male,95.6,1.9,190,160,1.47,1294,Cardio,4
52,Male,47.8,1.86,179,129,1.01,645,Yoga,3
32,Male,85.3,1.64,178,123,1.77,1197,Cardio,4
39,Male,59.7,1.83,170,154,1.35,1143,Strength,4
31,Male,70.2,1.98,199,129,0.71,504,Yoga,2
43,Female,72.7,1.8,162,166,0.79,590,Cardio,3
45,Female,50.4,1.79,182,130,0.74,433,Cardio,2
40,Male,81.7,1.74,166,133,0.91,666,Yoga,2
31,Male,49.3,1.62,182,157,0.56,484,Strength,2
41,Female,61.9,1.64,166,131,1.93,1138,Yoga,4
19,Female,49.1,1.68,193,164,1.42,1164,Cardio,4
43,Male,66.5,1.83,178,136,1.11,747,Yoga,3
31,Male,75.5,1.93,168,135,0.6,446,Cardio,2
24,Male,88.2,1.79,177,154,1.76,1491,HIIT,4
20,Male,74.8,1.75,184,121,1.33,885,Yoga,3
40,Female,72.2,1.6,173,130,0.87,566,Yoga,3
35,Male,62.8,1.63,184,160,1.41,1241,Cardio,4
55,Male,84.7,1.79,178,122,1.19,719,Cardio,3
52,Male,116.5,1.69,198,148,0.53,388,Cardio,2
32,Male,77.4,1.92,174,137,1.39,1047,Cardio,3
42,Female,72.9,1.62,175,139,1.17,732,Yoga,4
54,Female,58.4,1.59,186,166,1.08,807,Cardio,2
45,Female,64.3,1.54,199,133,1.67,999,Yoga,4
27,Male,89.3,1.87,169,153,1.62,1363,Strength,5
56,Male,90.2,1.61,163,168,1.38,1148,Yoga,3
34,Female,59,1.62,178,150,1.13,847,Cardio,4
56,Male,58.7,1.86,187,159,1.09,858,Cardio,3
39,Male,127.5,1.82,180,161,1.26,1116,Strength,3
43,Female,68.6,1.52,173,137,1.42,875,Yoga,4
42,Female,56.7,1.53,192,149,1.07,717,Strength,3
34,Female,64.5,1.78,169,144,1.33,958,Yoga,4
30,Female,61.6,1.52,178,138,1.78,1228,Cardio,4
37,Male,75.1,1.82,189,127,1.23,859,Yoga,4
42,Male,79.3,1.93,181,147,1.22,888,Cardio,2
21,Female,72.6,1.68,162,127,1.19,756,Cardio,3
27,Male,76.7,1.7,196,150,0.96,792,HIIT,3
20,Female,44.2,1.61,177,122,1.08,659,HIIT,2
58,Female,56.5,1.7,170,122,0.74,406,Yoga,2
35,Male,100.9,1.63,161,163,1.1,986,Cardio,2
53,Female,55.8,1.55,171,141,1.12,711,Strength,4
39,Male,58.3,1.93,165,136,1.35,1010,Cardio,4
51,Male,48.6,1.77,199,155,1.47,1128,Strength,2
25,Male,81.7,1.95,188,136,1.94,1451,Yoga,4
57,Male,85.6,1.69,189,133,1.76,1159,Yoga,5
36,Female,60,1.72,161,128,1.63,1043,Strength,5
59,Male,126.4,1.69,168,149,1.24,915,Strength,3
58,Female,75.4,1.78,161,140,1.05,662,Cardio,4
54,Female,64.2,1.69,188,131,1.69,996,Yoga,4
23,Female,65.2,1.62,192,156,1.37,1069,Cardio,3
43,Female,70.1,1.66,169,151,0.99,673,Strength,2
51,Male,102.6,1.77,193,130,1.21,779,HIIT,2
23,Male,107.2,1.93,167,139,1.15,879,HIIT,4
54,Female,56.5,1.75,196,154,1.76,1220,HIIT,5
50,Female,61.6,1.75,192,166,1.22,911,Strength,4
39,Male,81.7,1.75,165,165,1.32,1198,Cardio,4
38,Female,76.6,1.58,199,130,0.74,481,Yoga,2
23,Male,116.8,1.79,178,127,1,698,Strength,4
23,Female,60.1,1.59,191,123,1.8,1107,HIIT,4
21,Male,93.7,1.73,186,146,1,803,Cardio,2
47,Female,41.6,1.58,160,163,1.03,756,Yoga,4
28,Female,55.1,1.79,192,159,1.99,1582,Yoga,5
47,Male,127.1,1.76,199,157,0.71,552,Strength,2
48,Female,69.1,1.6,191,166,1.34,1001,Strength,4
41,Female,66.8,1.74,164,149,1.34,898,Yoga,3
26,Male,125.5,1.76,176,163,1.15,1031,Yoga,4
20,Female,71.3,1.58,167,167,1.07,893,HIIT,3
48,Male,129.2,1.61,193,167,1.06,876,Yoga,4
57,Male,96.3,1.86,168,146,1.1,795,Strength,3
54,Female,67.5,1.54,182,140,0.72,454,Cardio,3
53,Female,64.4,1.55,194,139,1.77,1107,HIIT,4
41,Female,64.9,1.57,166,123,1.04,576,HIIT,4
48,Female,52.3,1.66,174,130,0.74,433,Yoga,3
23,Female,56.7,1.55,179,132,1.38,911,Cardio,4
19,Female,46.8,1.63,184,128,1.35,864,HIIT,4
37,Female,70.3,1.77,162,123,1.01,621,Strength,2
45,Male,80.8,1.76,183,131,1.7,1102,Yoga,4
28,Female,56,1.5,193,128,1.94,1242,Strength,5
21,Male,101.2,1.84,181,132,1.3,944,Yoga,2
32,Female,56.6,1.57,170,167,1.65,1378,HIIT,4
23,Female,40.9,1.75,167,145,0.82,594,Yoga,3
47,Male,127.8,1.65,198,157,0.77,598,Cardio,2
55,Female,49.3,1.76,194,161,1.28,927,Strength,2
19,Female,64.3,1.63,197,132,1.87,1234,Cardio,5
32,Male,49.3,1.62,167,158,1.18,1025,Strength,3
28,Female,63,1.62,196,147,0.68,500,Strength,2
25,Female,41.1,1.67,186,138,1.03,711,Yoga,3
43,Female,40.5,1.74,187,143,1.5,965,HIIT,3
22,Male,71,1.62,199,138,0.91,691,HIIT,2
23,Female,60.9,1.62,193,168,1.59,1336,Cardio,5
43,Female,64.7,1.66,191,132,1.88,1117,Yoga,4
21,Female,51,1.71,174,132,1.07,706,HIIT,3
36,Female,57.7,1.77,176,147,1.65,1213,Strength,4
37,Male,76.9,1.82,192,121,1.49,992,Strength,4
50,Male,80.5,1.77,175,129,1.85,1181,Yoga,4
37,Female,73.3,1.74,188,141,1.03,726,Cardio,3
29,Female,49,1.57,168,132,1.33,878,Yoga,3
18,Male,114.5,1.97,192,128,1.03,725,Cardio,3
43,Male,81,1.78,188,152,1.58,1189,Yoga,5
31,Female,53.5,1.76,172,133,1.22,811,Strength,4
55,Male,52.1,1.68,180,167,0.77,637,Yoga,3
54,Female,70.1,1.52,180,139,0.76,475,HIIT,2
28,Male,86.9,1.78,164,134,1.29,951,HIIT,4
53,Male,73.4,1.76,169,151,1.09,815,Yoga,3
30,Male,90,1.66,165,152,1.32,1104,Cardio,4
20,Male,85.7,1.92,172,136,1.72,1287,Cardio,5
50,Female,70.4,1.55,160,143,0.73,470,Strength,2
23,Male,57.7,1.71,179,149,1.15,942,Strength,3
27,Male,75.7,1.76,167,132,0.68,494,Cardio,3
22,Female,61.8,1.52,169,166,1.83,1519,Yoga,5
40,Male,80.3,1.76,168,167,1.63,1497,Strength,5
27,Male,104.3,1.68,162,135,1.28,950,Cardio,3
19,Female,65.7,1.58,170,121,1.46,883,Cardio,3
30,Male,120.3,1.96,171,136,0.66,494,Yoga,2
57,Female,51.9,1.57,169,151,1.05,713,HIIT,3
19,Female,59.1,1.57,184,162,1.65,1336,Cardio,5
37,Female,66.9,1.75,184,127,1.38,876,Strength,4
18,Female,66.9,1.75,170,122,0.94,573,Yoga,2
54,Male,78.7,1.66,195,131,1.42,921,Yoga,3
26,Female,62.4,1.61,198,139,1.88,1307,Yoga,4
34,Male,102.1,1.71,185,135,0.96,713,HIIT,2
26,Male,51.9,2,173,133,0.75,549,HIIT,2
28,Male,58.3,2,198,135,1.32,980,Strength,4
32,Male,89.8,1.92,199,168,1.93,1783,Strength,4
41,Male,101.1,1.83,160,162,0.79,634,Yoga,2
55,Male,118.6,1.72,163,168,0.77,640,Strength,3
52,Male,84.8,1.85,189,152,1.19,895,Cardio,2
47,Male,80,1.77,171,149,0.72,531,HIIT,3
48,Male,73.1,1.83,194,131,1.05,681,Yoga,4
22,Male,117.3,1.68,172,134,1.24,914,Yoga,3
31,Female,77.4,1.71,190,137,1.26,863,Cardio,4
28,Female,72.9,1.67,197,147,1.13,831,Cardio,3
26,Female,71.2,1.5,182,142,1.15,816,Cardio,2
51,Male,88.2,1.62,163,133,1.56,1027,Cardio,4
29,Female,75.6,1.8,175,149,1.31,976,Yoga,4
52,Female,57.9,1.56,166,152,1.66,1135,HIIT,4
52,Female,70.6,1.58,181,164,1.02,753,HIIT,3
18,Male,118.6,1.64,188,134,0.94,693,Cardio,3
57,Male,55.7,1.99,170,126,1.13,705,Strength,3
39,Male,102.3,1.94,192,134,0.89,656,Yoga,3
46,Male,72.6,1.87,188,161,1.31,1044,HIIT,4
25,Female,63.8,1.68,198,165,0.95,784,Cardio,2
28,Female,67.3,1.67,171,157,0.61,479,Strength,3
58,Female,59.3,1.58,166,165,1.97,1463,Strength,4
54,Female,70.7,1.57,198,163,1.14,836,Cardio,3
31,Male,86.9,1.69,185,130,1.72,1230,Yoga,4
47,Male,98.2,1.9,199,148,0.76,557,HIIT,3
52,Male,63.6,1.62,168,150,1.3,965,Strength,4
38,Female,45.2,1.68,193,144,1.01,727,HIIT,3
54,Male,117.2,1.62,172,143,1.04,736,HIIT,4
22,Male,107.4,1.74,195,138,1.34,1017,Strength,2
36,Female,59.1,1.78,184,121,0.85,514,Cardio,2
31,Female,53.3,1.64,183,141,0.57,402,Strength,3
43,Male,46.2,1.63,176,139,1.18,812,Strength,2
21,Male,67,1.61,161,152,1.32,1104,Yoga,3
42,Male,86.3,1.77,172,127,1.77,1113,HIIT,4
59,Male,85.5,1.67,190,144,1.99,1418,Cardio,5
42,Male,70.2,1.87,188,165,1.38,1127,HIIT,3
35,Male,127.1,1.62,187,128,1.02,718,Strength,4
57,Female,75.6,1.67,186,153,1.05,723,Cardio,3
25,Female,62.6,1.65,174,142,1.2,852,Cardio,3
56,Female,55.7,1.53,190,124,1.91,1066,Cardio,5
57,Male,96.1,1.74,199,144,1.21,862,Cardio,3
31,Female,76.7,1.62,174,127,1.39,883,Yoga,4
49,Male,57.2,1.89,192,135,1.14,762,Cardio,2
55,Male,69.9,1.81,179,167,1.2,992,Strength,4
50,Female,67.9,1.77,171,164,1.03,760,Yoga,3
40,Male,87.9,1.87,196,134,1.96,1445,Strength,5
32,Male,102.8,1.98,168,120,1.24,818,Strength,3
50,Female,51.8,1.5,182,141,1.32,838,HIIT,3
42,Female,57.7,1.57,167,122,1.83,1005,Cardio,4
34,Female,66.5,1.69,191,157,0.81,636,Cardio,3
50,Male,95.4,1.61,173,133,1.16,764,Strength,4
19,Female,69.2,1.6,186,155,1.17,907,Cardio,3
31,Female,66.6,1.67,184,137,1.02,699,Yoga,4
57,Male,83.4,1.65,172,166,1.57,1290,HIIT,4
57,Female,43.8,1.75,180,160,1.39,1001,Cardio,2
56,Female,64.2,1.69,190,137,1.99,1227,Cardio,5
23,Female,44.1,1.62,196,122,0.58,354,Yoga,2
23,Male,87.3,1.91,164,129,1.87,1327,HIIT,5
20,Male,55,1.6,172,168,1.12,1035,Yoga,4
24,Male,87.1,1.74,187,158,1.57,1364,Strength,4
25,Male,66.6,1.61,184,166,1.38,1260,Strength,2
59,Female,60.4,1.76,194,120,1.72,929,Cardio,5
32,Male,126.4,1.83,198,146,1.1,883,HIIT,3
46,Male,88.7,1.63,166,146,0.75,542,Strength,2